<?xml version="1.0" encoding="UTF-8"?>
<!DOCTYPE mapper PUBLIC "-//mybatis.org//DTD Mapper 3.0//EN" "http://mybatis.org/dtd/mybatis-3-mapper.dtd">
<!--아이디조회-->
<mapper namespace="fs.four.human.mytodo.dao.MytodoDAO">
    <select id="getDeptById" parameterType="string" resultType="string">
        SELECT E_DEPT
        FROM EMPLOYEE
        WHERE E_ID = #{e_id, jdbcType=VARCHAR}
    </select>

<!--  할일등록 -->
    <insert id="insertTodo" parameterType="fs.four.human.mytodo.vo.MytodoVO">
        INSERT INTO TODO (
        T_ID, -- 시퀀스 값 추가
        T_GROUP,
        T_TITLE,
        T_PRIORITY,
        T_CONTENT,
        T_START_DATE,
        T_END_DATE,
        T_HIDE,
        T_CREATED_ID,
        T_CREATED_DATE,
        T_DEPT
        ) VALUES (
        TODO_SEQ.NEXTVAL, -- 시퀀스 값
        #{t_group},
        #{t_title},
        #{t_priority},
        #{t_content},
        #{t_start_date},
        #{t_end_date},
        #{t_hide},
        #{t_created_id},
        SYSDATE,
        #{t_dept}
        )
    </insert>

<!--할일조회-->
    <select id="getMyTodos" parameterType="map" resultType="fs.four.human.mytodo.vo.MytodoVO">
        SELECT
        T_ID,
        T_TITLE,
        T_PRIORITY,
        T_CONTENT,
        T_START_DATE,
        T_END_DATE,
        T_STAGE
        FROM TODO
        WHERE T_GROUP = #{t_group}
        AND T_CREATED_ID = #{t_created_id}
        AND T_HIDE = 'N'
    </select>

<!--    버튼으로 상태 변경하기 -->
    <update id="updateStage">
        UPDATE TODO
        SET T_STAGE = #{t_stage}
        WHERE T_ID = #{t_id}
    </update>

<!-- 할일 삭제-->
    <delete id="deleteTodoById" parameterType="long">
        DELETE
        FROM TODO
        WHERE T_ID = #{t_id}
    </delete>

<!--    정렬기능 -->
    <select id="getSortedTodos" parameterType="map" resultType="fs.four.human.mytodo.vo.MytodoVO">
        SELECT
        T_ID,
        T_TITLE,
        T_PRIORITY,
        T_CONTENT,
        T_START_DATE,
        T_END_DATE,
        T_STAGE
        FROM TODO
        WHERE T_GROUP = #{t_group}
        AND T_CREATED_ID = #{t_created_id}
        ORDER BY
        <choose>
            <when test="sortType == 'priority'"> T_PRIORITY DESC </when>
            <when test="sortType == 'stage'"> T_STAGE DESC </when>
            <when test="sortType == 'startDate'"> T_START_DATE ASC </when>
            <when test="sortType == 'endDate'"> T_END_DATE ASC </when>
            <otherwise> T_CREATED_DATE DESC </otherwise>
        </choose>
    </select>

    <!-- 선택 삭제 -->
    <delete id="deleteSelectedTodos">
        DELETE FROM TODO WHERE T_ID IN
        <foreach collection="ids" item="id" open="(" separator="," close=")">
            #{id}
        </foreach>
    </delete>

    <!-- 숨기기/ -->
    <update id="updateHideStatus">
        UPDATE TODO
        SET T_HIDE = #{hideStatus}
        WHERE T_ID IN
        <foreach collection="ids" item="id" open="(" separator="," close=")">
            #{id}
        </foreach>
    </update>

<!--    숨기기취소-->
    <update id="updateHideAll">
        UPDATE TODO
        SET T_HIDE = 'N'
        WHERE T_HIDE = 'Y'
    </update>

<!--수정하기 -->
    <update id="updateTodo" parameterType="fs.four.human.mytodo.vo.MytodoVO">
        UPDATE TODO
        SET T_TITLE = #{t_title},
        T_CONTENT = #{t_content},
        T_START_DATE = #{t_start_date},
        T_END_DATE = #{t_end_date}
        WHERE T_ID = #{t_id}
    </update>


    <select id="getTodoById" parameterType="long" resultType="fs.four.human.mytodo.vo.MytodoVO">
        SELECT T_ID, T_TITLE, T_PRIORITY, T_CONTENT, T_START_DATE, T_END_DATE
        FROM TODO
        WHERE T_ID = #{t_id}
    </select>
    <!-- 상태별 집계 쿼리 -->
    <select id="getTodoStats" resultType="map">
        SELECT t_stage AS stage
        FROM mytodo
        WHERE t_group = #{group} AND t_created_id = #{userId}
        GROUP BY t_stage
    </select>

    <!-- 알림을 위한 데이터 조회 -->
    <select id="getTasksForNotification" parameterType="map" resultType="fs.four.human.mytodo.vo.MytodoVO">
        SELECT
        T_ID,
        T_TITLE,
        T_START_DATE,
        T_CREATED_ID
        FROM TODO
        WHERE T_START_DATE BETWEEN TO_DATE(#{startTime}, 'YYYY-MM-DD HH24:MI:SS')
        AND TO_DATE(#{endTime}, 'YYYY-MM-DD HH24:MI:SS')
        AND T_HIDE = 'N'
<!--        AND T_STAGE = 'P'-->
    </select>


    <select id="getTasksByGroup" parameterType="string" resultType="fs.four.human.mytodo.vo.MytodoVO">
        SELECT
        T_ID,
        T_TITLE,
        T_START_DATE,
        T_END_DATE
        FROM TODO
        WHERE T_GROUP = #{tGroup}
        AND T_START_DATE >= SYSDATE
        ORDER BY T_START_DATE ASC
    </select>


</mapper>

