<?xml version="1.0" encoding="UTF-8"?>
<!DOCTYPE mapper PUBLIC "-//mybatis.org//DTD Mapper 3.0//EN" "http://mybatis.org/dtd/mybatis-3-mapper.dtd">
<mapper namespace="fs.four.human.todo.dao.TodoDAO">

    <!-- 전체 Todo 조회 -->
<!--    dao 에서 호출시 getALLTodo 사용 입력된 파라미터는 TodoVO객체 결과매핑-->
    <select id="getAllTodo" parameterType="TodoVO" resultType="Todo2VO">
        SELECT
        t_id,
        t_group,
        t_dept,
        t_stage,
        t_priority,
        t_title,
        t_content,
        TO_CHAR(t_start_date, 'YYYY-MM-DD') as t_start_date,
        TO_CHAR(t_end_date, 'YYYY-MM-DD') as t_end_date,
        t_hide,
        t_created_date,
        t_updated_date,
        t_updated_id,
        t_created_id,
        t_writer,
        e.e_name,
        NVL(d.td_participant_1, '') ||
        CASE WHEN d.td_participant_1 IS NOT NULL AND d.td_participant_2 IS NOT NULL THEN ',' ELSE '' END ||
        NVL(d.td_participant_2, '') ||
        CASE WHEN d.td_participant_2 IS NOT NULL AND d.td_participant_3 IS NOT NULL THEN ',' ELSE '' END ||
        NVL(d.td_participant_3, '') ||
        CASE WHEN d.td_participant_3 IS NOT NULL AND d.td_participant_4 IS NOT NULL THEN ',' ELSE '' END ||
        NVL(d.td_participant_4, '') ||
        CASE WHEN d.td_participant_4 IS NOT NULL AND d.td_participant_5 IS NOT NULL THEN ',' ELSE '' END ||
        NVL(d.td_participant_5, '') AS personListString
        FROM
        TODO t
        left outer join employee e on t.t_updated_id = e.e_id
        LEFT OUTER JOIN todo_detail d ON t.t_id = d.td_id
        <where>
            AND t.t_group = 'T'
            <if test="type != null and type == 'content'">
           AND t.t_content LIKE CONCAT(CONCAT('%', #{search}), '%')     <!--t_content 컬럼이 입력 파라미터 search와 동일한 데이터만 조회.-->
            </if>
            <if test="type != null and type == 'title'">
                AND t.t_title LIKE CONCAT(CONCAT('%', #{search}), '%')  <!--t_title 컬럼에 search 문자열이 포함된 데이터만 조회-->
            </if>
            <if test="type != null and type == 'all'">
                AND (t.t_content LIKE CONCAT(CONCAT('%', #{search}), '%')
                OR t.t_content LIKE CONCAT(CONCAT('%', #{search}), '%'))
            </if>
        </where>
        <if test="sort != null and sort == 'priorityDesc'">
            order by t_priority desc
        </if>
        <if test="sort != null and sort == 'priorityAsc'">
            order by t_priority asc
        </if>
        <if test="sort != null and sort == 'stageDesc'">
            order by t_stage desc
        </if>
        <if test="sort != null and sort == 'stageAsc'">
            order by t_stage asc
        </if>
        <if test="sort != null and sort == 'startDesc'">
            order by t_start_date desc
        </if>
        <if test="sort != null and sort == 'startAsc'">
            order by t_start_date asc
        </if>
        <if test="sort != null and sort == 'endDesc'">
            order by t_end_date desc
        </if>
        <if test="sort != null and sort == 'endAsc'">
            order by t_end_date asc
        </if>
    </select>

    <!--  부서 todo 진행상태별 갯수  -->
   <select id="getTodoStageCount" parameterType="String" resultType="TodoStageCountVO">
       select t_stage, count(t_id) as count from TODO where t_dept = #{dept} AND t_group = 'T' group by t_stage
    </select>

    <!--  마이 todo 진행상태별 갯수  -->
    <select id="getMyTodoStageCount" parameterType="String" resultType="TodoStageCountVO">
        select t.t_stage, count(t.t_id) as count from TODO t
        join TODO_DETAIL d on t.t_id = d.td_id and
        ( d.td_participant_1 = #{loginName, jdbcType=VARCHAR} or
        d.td_participant_2 = #{loginName, jdbcType=VARCHAR} or
        d.td_participant_3 = #{loginName, jdbcType=VARCHAR} or
        d.td_participant_4 = #{loginName, jdbcType=VARCHAR} or
        d.td_participant_5 = #{loginName, jdbcType=VARCHAR} )
        AND t.t_group = 'T'
        group by t.t_stage
    </select>


    <insert id="addTodo" parameterType="Todo2VO">
        insert into todo (T_ID, T_WRITER, T_GROUP, T_DEPT, T_STAGE, T_PRIORITY, T_TITLE, T_CONTENT, T_START_DATE, T_START_TIME, T_END_DATE, T_UPDATED_ID)
        values (
        TODO_SEQ.nextval,
        'hong',
        'T',
        #{t_dept, jdbcType=VARCHAR},
        #{t_stage, jdbcType=VARCHAR},
        #{t_priority, jdbcType=VARCHAR},
        #{t_title, jdbcType=VARCHAR},
        #{t_content, jdbcType=VARCHAR},
        #{t_start_date, jdbcType=DATE},
        '2024-12-01',
        #{t_end_date, jdbcType=DATE},
        #{t_updated_id, jdbcType=VARCHAR}
        )
        <selectKey keyProperty="t_id" resultType="String" order="AFTER">
            select TODO_SEQ.currval FROM DUAL
        </selectKey>
    </insert>


    <insert id="addTodoDetail" parameterType="TodoDetailVO">
        insert into todo_detail (TD_ID, TD_PARTICIPANT_1, TD_PARTICIPANT_2, TD_PARTICIPANT_3, TD_PARTICIPANT_4, TD_PARTICIPANT_5)
        values ( #{td_id},  #{td_participant_1, jdbcType=VARCHAR}, #{td_participant_2, jdbcType=VARCHAR}, #{td_participant_3, jdbcType=VARCHAR}, #{td_participant_4, jdbcType=VARCHAR}, #{td_participant_5, jdbcType=VARCHAR})
    </insert>

    <update id="updateTodo" parameterType="TodoVO">
        UPDATE todo
        SET
        t_stage = COALESCE(#{t_stage, jdbcType=VARCHAR}, t_stage),
        t_priority = COALESCE(#{t_priority, jdbcType=VARCHAR}, t_priority),
        t_title = COALESCE(#{t_title, jdbcType=VARCHAR}, t_title),
        t_content = COALESCE(#{t_content, jdbcType=VARCHAR}, t_content),
        t_start_date = COALESCE(#{t_start_date, jdbcType=DATE}, t_start_date),
        t_end_date = COALESCE(#{t_end_date, jdbcType=DATE}, t_end_date),
        t_updated_date = SYSDATE,
        t_updated_id = #{t_updated_id, jdbcType=VARCHAR}
        WHERE
        t_id = #{t_id, jdbcType=VARCHAR}
    </update>

    <!-- 부서별 할 일 가져오기 -->
    <select id="getTodosByDept" parameterType="string" resultType="fs.four.human.todo.vo.TodoVO">
        SELECT *
        FROM TODO
        WHERE T_DEPT = #{dept} AND t_group = 'T'
        ORDER BY T_CREATED_DATE DESC
    </select>

    <update id="updateTodo2" parameterType="Todo2VO">
        UPDATE todo
        SET
        t_stage = #{t_stage, jdbcType=VARCHAR},
        t_priority = #{t_priority, jdbcType=VARCHAR},
        t_title = #{t_title, jdbcType=VARCHAR},
        t_content = #{t_content, jdbcType=VARCHAR},
        t_start_date = #{t_start_date, jdbcType=DATE},
        t_end_date = #{t_end_date, jdbcType=DATE},
        t_updated_date = SYSDATE,
        t_updated_id = #{t_updated_id, jdbcType=VARCHAR}
        WHERE
        t_id = #{t_id, jdbcType=VARCHAR}
    </update>

    <select id="getDeptEmployeeByDept" parameterType="String" resultType="LoginVO">
        select e_id, e_name, e_dept, e_position from employee where e_dept = #{dept, jdbcType=VARCHAR}
    </select>



</mapper>
