<?xml version="1.0" encoding="UTF-8"?>
<!DOCTYPE mapper PUBLIC "-//mybatis.org//DTD Mapper 3.0//EN" "http://mybatis.org/dtd/mybatis-3-mapper.dtd">


<mapper namespace="fs.four.human.login.dao.LoginDAO">

    <insert id="insertMember" parameterType="LoginVO">
        INSERT INTO EMPLOYEE (E_ID, E_NAME, E_PWD, E_PHONE, E_EMAIL, E_DEPT, E_POSITION, E_CREATED_DATE, E_UPDATED_DATE)
        VALUES (#{e_id}, #{e_name}, #{e_pwd}, #{e_phone}, #{e_email}, #{e_dept}, #{e_position}, SYSDATE, SYSDATE)
    </insert>

    <select id="loginMatching" resultType="String">
        SELECT E_PWD
        FROM EMPLOYEE
        WHERE E_ID = #{e_id}
    </select>

    <select id="newIdCheck" resultType="String">
        SELECT e_id
        FROM EMPLOYEE
        WHERE e_id = #{e_id}
    </select>

    <select id="findId" parameterType="map" resultType="String">
        SELECT E_ID
        FROM EMPLOYEE
        WHERE E_NAME = #{e_name}
        AND E_EMAIL = #{e_email}
    </select>

    <select id="findEmailById" parameterType="String" resultType="String">
        SELECT E_EMAIL
        FROM EMPLOYEE
        WHERE E_ID = #{e_id}
    </select>

    <update id="updatePassword" parameterType="map">
        UPDATE EMPLOYEE
        SET E_PWD = #{e_pwd}, E_UPDATED_DATE = SYSDATE
        WHERE E_ID = #{e_id}
    </update>


</mapper>
